knob,recall,false_cut_in_rate,detection_latency_p10_ms,detection_latency_p50_ms,detection_latency_p90_ms,tp,fn,fp,tn
0.0,0.9964080459770115,0.9859353023909986,0.0,0.0,0.0,1387,5,701,10
50.0,0.9956896551724138,0.9409282700421941,49.999999999954525,50.00000000001137,50.00000000001137,1386,6,669,42
100.0,0.9935344827586207,0.8959212376933896,99.99999999999432,100.00000000002274,100.00000000002274,1383,9,637,74
150.0,0.9906609195402298,0.8326300984528833,149.99999999997726,149.99999999997726,150.00000000000568,1379,13,592,119
200.0,0.9892241379310345,0.7637130801687764,199.99999999998863,199.99999999998863,200.00000000004547,1377,15,543,168
250.0,0.985632183908046,0.6779184247538678,250.0,250.0,250.0,1372,20,482,229
300.0,0.9813218390804598,0.6230661040787623,299.9999999999545,300.00000000001137,300.00000000001137,1366,26,443,268
350.0,0.9755747126436781,0.5625879043600562,349.9999999999943,350.00000000002274,350.00000000002274,1358,34,400,311
400.0,0.9676724137931034,0.5007032348804501,399.99999999997726,399.99999999997726,400.0000000000057,1347,45,356,355
450.0,0.9633620689655172,0.4430379746835443,449.99999999998863,449.99999999998863,450.0000000000455,1341,51,315,396
500.0,0.9583333333333334,0.4078762306610408,500.0,500.0,500.0,1334,58,290,421
550.0,0.9525862068965517,0.3727144866385373,549.9999999999545,550.0000000000114,550.0000000000114,1326,66,265,446
600.0,0.9461206896551724,0.3291139240506329,599.9999999999943,600.0000000000227,600.0000000000227,1317,75,234,477
650.0,0.9353448275862069,0.2883263009845288,649.9999999999773,649.9999999999773,650.0000000000057,1302,90,205,506
700.0,0.9245689655172413,0.2489451476793249,699.9999999999886,699.9999999999886,700.0000000000455,1287,105,177,534
750.0,0.9137931034482759,0.21659634317862167,750.0,750.0,750.0,1272,120,154,557
800.0,0.9008620689655172,0.1940928270042194,799.9999999999545,800.0000000000114,800.0000000000114,1254,138,138,573
850.0,0.8943965517241379,0.17862165963431786,849.9999999999943,850.0000000000227,850.0000000000227,1245,147,127,584
900.0,0.8872126436781609,0.1617440225035162,899.9999999999773,899.9999999999773,900.0000000000057,1235,157,115,596
950.0,0.8807471264367817,0.1350210970464135,949.9999999999886,949.9999999999886,950.0000000000455,1226,166,96,615
1000.0,0.8735632183908046,0.12517580872011252,1000.0,1000.0,1000.0,1216,176,89,622
1050.0,0.8649425287356322,0.11673699015471167,1049.9999999999545,1050.0000000000114,1050.0000000000114,1204,188,83,628
1100.0,0.8591954022988506,0.10548523206751055,1099.9999999999943,1100.0000000000227,1100.0000000000227,1196,196,75,636
1150.0,0.8570402298850575,0.09845288326300984,1149.9999999999773,1149.9999999999773,1150.0000000000057,1193,199,70,641
1200.0,0.8484195402298851,0.090014064697609,1199.9999999999886,1199.9999999999886,1200.0000000000455,1181,211,64,647
1250.0,0.8383620689655172,0.08157524613220815,1250.0,1250.0,1250.0,1167,225,58,653
1300.0,0.8326149425287356,0.07454289732770746,1299.9999999999545,1300.0000000000114,1300.0000000000114,1159,233,53,658
1350.0,0.8275862068965517,0.06891701828410689,1349.9999999999943,1350.0000000000227,1350.0000000000227,1152,240,49,662
1400.0,0.8211206896551724,0.05485232067510549,1399.9999999999773,1399.9999999999773,1400.0000000000057,1143,249,39,672
1450.0,0.8182471264367817,0.04922644163150492,1449.9999999999886,1449.9999999999886,1450.0000000000455,1139,253,35,676
1500.0,0.8139367816091954,0.04219409282700422,1500.0,1500.0,1500.0,1133,259,30,681
1550.0,0.8045977011494253,0.040787623066104076,1549.9999999999545,1550.0000000000114,1550.0000000000114,1120,272,29,682
1600.0,0.7988505747126436,0.03375527426160337,1599.9999999999943,1600.0000000000227,1600.0000000000227,1112,280,24,687
1650.0,0.7887931034482759,0.026722925457102673,1649.9999999999773,1649.9999999999773,1650.0000000000057,1098,294,19,692
1700.0,0.7808908045977011,0.02390998593530239,1699.9999999999886,1699.9999999999886,1700.0000000000455,1087,305,17,694
1750.0,0.7722701149425287,0.02250351617440225,1750.0,1750.0,1750.0,1075,317,16,695
1800.0,0.7636494252873564,0.02250351617440225,1799.9999999999545,1800.0000000000114,1800.0000000000114,1063,329,16,695
1850.0,0.757183908045977,0.02109704641350211,1849.9999999999943,1850.0000000000227,1850.0000000000227,1054,338,15,696
1900.0,0.7492816091954023,0.016877637130801686,1899.9999999999773,1899.9999999999773,1900.0000000000057,1043,349,12,699
1950.0,0.7420977011494253,0.016877637130801686,1949.9999999999886,1949.9999999999886,1950.0000000000455,1033,359,12,699
2000.0,0.7363505747126436,0.015471167369901548,2000.0,2000.0,2000.0,1025,367,11,700
2050.0,0.7298850574712644,0.015471167369901548,2049.9999999999545,2050.0000000000114,2050.0000000000114,1016,376,11,700
2100.0,0.7248563218390804,0.014064697609001406,2099.9999999999945,2100.0000000000227,2100.0000000000227,1009,383,10,701
2150.0,0.7205459770114943,0.014064697609001406,2149.9999999999773,2149.9999999999773,2150.0000000000055,1003,389,10,701
2200.0,0.7176724137931034,0.012658227848101266,2199.9999999999886,2199.9999999999886,2200.0000000000455,999,393,9,702
2250.0,0.7112068965517241,0.011251758087201125,2250.0,2250.0,2250.0,990,402,8,703
2300.0,0.7076149425287356,0.009845288326300985,2299.9999999999545,2300.0000000000114,2300.0000000000114,985,407,7,704
2350.0,0.7040229885057471,0.007032348804500703,2349.9999999999945,2350.0000000000227,2350.0000000000227,980,412,5,706
2400.0,0.6982758620689655,0.007032348804500703,2399.9999999999773,2399.9999999999773,2400.0000000000055,972,420,5,706
2450.0,0.6903735632183908,0.007032348804500703,2449.9999999999886,2449.9999999999886,2450.0000000000455,961,431,5,706
2500.0,0.6867816091954023,0.005625879043600563,2500.0,2500.0,2500.0,956,436,4,707
2550.0,0.6795977011494253,0.005625879043600563,2549.9999999999545,2550.0000000000114,2550.0000000000114,946,446,4,707
2600.0,0.6760057471264368,0.005625879043600563,2599.9999999999945,2600.0000000000227,2600.0000000000227,941,451,4,707
2650.0,0.665948275862069,0.005625879043600563,2649.9999999999773,2649.9999999999773,2650.0000000000055,927,465,4,707
2700.0,0.6602011494252874,0.0028129395218002813,2699.9999999999886,2699.9999999999886,2700.0000000000455,919,473,2,709
2750.0,0.6522988505747126,0.0014064697609001407,2750.0,2750.0,2750.0,908,484,1,710
2800.0,0.6451149425287356,0.0014064697609001407,2799.9999999999545,2800.0000000000114,2800.0000000000114,898,494,1,710
2850.0,0.6386494252873564,0.0014064697609001407,2849.9999999999945,2850.0000000000227,2850.0000000000227,889,503,1,710
2900.0,0.6372126436781609,0.0014064697609001407,2899.9999999999773,2899.9999999999773,2900.0000000000055,887,505,1,710
2950.0,0.6314655172413793,0.0,2949.9999999999886,2949.9999999999886,2950.0000000000455,879,513,0,711
3000.0,0.6293103448275862,0.0,3000.0,3000.0,3000.0,876,516,0,711
